{"exclude":["**/**.code-workspace","source/page/webassembly/**","source/backend/**","source/Midi/MIDI.js/**/**","source/page/guzzle/**/*","**/vendor/**","**/node_modules/**","**/{readme,README,CHANGELOG,changelog,UPGRADING}.{md,MD}","**/.git*"],"include":null,"skip_render":["yandex_*","ahrefs_*","glx_*","Midi","Midi/**/*","page","page/**/*","backend","backend/**/*","*.json","**/*.json","_posts/**/*.json","_posts/**/*.js","_posts/**/*.css","_posts/The Legend Of Neverland/Midi/readme.md","**/__test__/**","_posts/Chimeraland/**/*.html"],"ignore":null,"adsense":{"enable":true,"pub":"ca-pub-1165447249910969","article_ads":[null,null],"multiplex_ads":[null],"display_ads":["source/ads/display.html"],"field":"site","adblock":false,"type":"amp","exclude":["*.min.html","**/exclude/**/*"]},"firebase":{"apiKey":null,"authDomain":null,"projectId":null,"storageBucket":null,"messagingSenderId":null,"appId":null,"measurementId":null},"ngrok":{"token":null},"generator":{"cache":false},"title":"Website Manajemen Indonesia","description":"Website Management Indonesia is a blog about scripts, tips and tricks, games, software. Covering php, javascript, jquery, mysql, seo, e-commerce and others. External source WMI Github Laboratory","keywords":"the legend of neverland, genshin impact, games, how to, tips and tricks, php, javascript, jquery, mysql, seo, e-commerce","timezone":"Asia/Jakarta","favicon":"/favicon.ico","logo":"/image/logo.svg","url":"https://www.webmanajemen.com","source_dir":"source","public_dir":"docs","tag_dir":"tags","archive_dir":"archives","category_dir":"categories","default_category":"Uncategorized","default_tag":null,"external_link":{"enable":true,"field":"site","safelink":{"enable":true,"exclude":["webmanajemen.com","git.webmanajemen.com"],"redirect":"https://www.webmanajemen.com/page/safelink.html?url=","type":"base64","password":"unique-password"},"exclude":["webmanajemen.com","web-manajemen.blogspot.com","dimaslanjaka.github.io"]},"render_drafts":false,"index_generator":{"order_by":"-updated","per_page":10},"date_format":"YYYY-MM-DD","time_format":"HH:mm:ss","server":{"port":4000,"log":false,"ip":"0.0.0.0","hostname":"adsense.webmanajemen.com","compress":false,"cache":false,"header":false,"instanceName":"default","serveStatic":{"extensions":["html"]}},"theme":"bootstrap","deploy":{"type":"git","repo":"https://github.com/dimaslanjaka/dimaslanjaka.github.io","branch":"master","name":"dimaslanjaka","email":"dimaslanjaka@gmail.com"},"author":{"name":"Dimas Lanjaka","link":"https://www.webmanajemen.com/","email":"dimaslanjaka@gmail.com","image":{"url":"https://res.cloudinary.com/dimaslanjaka/image/fetch/https://imgdb.net/images/3600.jpg","width":1944,"height":2592},"social_links":{"github":"https://github.com/dimaslanjaka","youtube":"https://youtube.com/p/L3n4r0x"}},"feed":{"content":true,"type":["atom","rss2","json"]},"import":{"platform":{"wordpress":["wp-all.xml"]}},"sitemap":{"html":true,"text":true,"xml":true,"news":true,"exclude":["source/ads","**/*.min.html"]},"analytics":{"enable":true,"tagmanager":"GTM-NJNNXSR","GA4":"G-BG75CLNJZ1","GA3":"UA-106238155-1","cloudflare":"2157c0f3b9e74a92badffe39156166b9"}}