<?xml version="1.0" encoding="UTF-8" ?>
<!-- This is a WordPress eXtended RSS file generated by WordPress as an export of your site. -->
<!-- It contains information about your site's posts, pages, comments, categories, and other content. -->
<!-- You may use this file to transfer that content from one site to another. -->
<!-- This file is not intended to serve as a complete backup of your site. -->

<!-- To import this information into a WordPress site follow these steps: -->
<!-- 1. Log in to that site as an administrator. -->
<!-- 2. Go to Tools: Import in the WordPress admin panel. -->
<!-- 3. Install the "WordPress" importer from the list. -->
<!-- 4. Activate & Run Importer. -->
<!-- 5. Upload this file using the form provided on that page. -->
<!-- 6. You will first be asked to map the authors in this export file to users -->
<!--    on the site. For each author, you may choose to map to an -->
<!--    existing user on the site or to create a new user. -->
<!-- 7. WordPress will then import each of the posts, pages, comments, categories, etc. -->
<!--    contained in this file into your site. -->

	<!-- generator="WordPress/5.9.3" created="2022-05-07 16:10" -->
<rss version="2.0"
	xmlns:excerpt="http://wordpress.org/export/1.2/excerpt/"
	xmlns:content="http://purl.org/rss/1.0/modules/content/"
	xmlns:wfw="http://wellformedweb.org/CommentAPI/"
	xmlns:dc="http://purl.org/dc/elements/1.1/"
	xmlns:wp="http://wordpress.org/export/1.2/"
>

<channel>
	<title>WMI</title>
	<link>http://agc.io</link>
	<description>Website Management Indonesia</description>
	<pubDate>Sat, 07 May 2022 16:10:42 +0000</pubDate>
	<language>en-US</language>
	<wp:wxr_version>1.2</wp:wxr_version>
	<wp:base_site_url>http://agc.io</wp:base_site_url>
	<wp:base_blog_url>http://agc.io</wp:base_blog_url>

		<wp:author><wp:author_id>1</wp:author_id><wp:author_login><![CDATA[dimaslanjaka]]></wp:author_login><wp:author_email><![CDATA[dimaslanjaka@gmail.com]]></wp:author_email><wp:author_display_name><![CDATA[Dimas Lanjaka]]></wp:author_display_name><wp:author_first_name><![CDATA[Dimas]]></wp:author_first_name><wp:author_last_name><![CDATA[Lanjaka]]></wp:author_last_name></wp:author>

		<wp:category>
		<wp:term_id>10</wp:term_id>
		<wp:category_nicename><![CDATA[drama-korea]]></wp:category_nicename>
		<wp:category_parent><![CDATA[]]></wp:category_parent>
		<wp:cat_name><![CDATA[Drama korea]]></wp:cat_name>
	</wp:category>
		<wp:category>
		<wp:term_id>11</wp:term_id>
		<wp:category_nicename><![CDATA[movies]]></wp:category_nicename>
		<wp:category_parent><![CDATA[]]></wp:category_parent>
		<wp:cat_name><![CDATA[Movies]]></wp:cat_name>
	</wp:category>
		<wp:category>
		<wp:term_id>1</wp:term_id>
		<wp:category_nicename><![CDATA[uncategorized]]></wp:category_nicename>
		<wp:category_parent><![CDATA[]]></wp:category_parent>
		<wp:cat_name><![CDATA[Uncategorized]]></wp:cat_name>
<wp:category_description><![CDATA[Not labelled articles]]></wp:category_description>
	</wp:category>
			<wp:tag>
		<wp:term_id>7</wp:term_id>
		<wp:tag_slug><![CDATA[download]]></wp:tag_slug>
		<wp:tag_name><![CDATA[Download]]></wp:tag_name>
	</wp:tag>
		<wp:tag>
		<wp:term_id>8</wp:term_id>
		<wp:tag_slug><![CDATA[id-en]]></wp:tag_slug>
		<wp:tag_name><![CDATA[Id-en]]></wp:tag_name>
	</wp:tag>
			<wp:term>
		<wp:term_id>7</wp:term_id>
		<wp:term_taxonomy><![CDATA[post_tag]]></wp:term_taxonomy>
		<wp:term_slug><![CDATA[download]]></wp:term_slug>
		<wp:term_parent><![CDATA[]]></wp:term_parent>
		<wp:term_name><![CDATA[Download]]></wp:term_name>
	</wp:term>
		<wp:term>
		<wp:term_id>10</wp:term_id>
		<wp:term_taxonomy><![CDATA[category]]></wp:term_taxonomy>
		<wp:term_slug><![CDATA[drama-korea]]></wp:term_slug>
		<wp:term_parent><![CDATA[]]></wp:term_parent>
		<wp:term_name><![CDATA[Drama korea]]></wp:term_name>
	</wp:term>
		<wp:term>
		<wp:term_id>13</wp:term_id>
		<wp:term_taxonomy><![CDATA[wp_theme]]></wp:term_taxonomy>
		<wp:term_slug><![CDATA[flatsimplebingit]]></wp:term_slug>
		<wp:term_parent><![CDATA[]]></wp:term_parent>
		<wp:term_name><![CDATA[flatsimplebingit]]></wp:term_name>
	</wp:term>
		<wp:term>
		<wp:term_id>8</wp:term_id>
		<wp:term_taxonomy><![CDATA[post_tag]]></wp:term_taxonomy>
		<wp:term_slug><![CDATA[id-en]]></wp:term_slug>
		<wp:term_parent><![CDATA[]]></wp:term_parent>
		<wp:term_name><![CDATA[Id-en]]></wp:term_name>
	</wp:term>
		<wp:term>
		<wp:term_id>14</wp:term_id>
		<wp:term_taxonomy><![CDATA[wp_theme]]></wp:term_taxonomy>
		<wp:term_slug><![CDATA[materialwp-materialwp]]></wp:term_slug>
		<wp:term_parent><![CDATA[]]></wp:term_parent>
		<wp:term_name><![CDATA[materialwp-materialwp]]></wp:term_name>
	</wp:term>
		<wp:term>
		<wp:term_id>11</wp:term_id>
		<wp:term_taxonomy><![CDATA[category]]></wp:term_taxonomy>
		<wp:term_slug><![CDATA[movies]]></wp:term_slug>
		<wp:term_parent><![CDATA[]]></wp:term_parent>
		<wp:term_name><![CDATA[Movies]]></wp:term_name>
	</wp:term>
		<wp:term>
		<wp:term_id>12</wp:term_id>
		<wp:term_taxonomy><![CDATA[nav_menu]]></wp:term_taxonomy>
		<wp:term_slug><![CDATA[pages]]></wp:term_slug>
		<wp:term_parent><![CDATA[]]></wp:term_parent>
		<wp:term_name><![CDATA[Pages]]></wp:term_name>
	</wp:term>
		<wp:term>
		<wp:term_id>1</wp:term_id>
		<wp:term_taxonomy><![CDATA[category]]></wp:term_taxonomy>
		<wp:term_slug><![CDATA[uncategorized]]></wp:term_slug>
		<wp:term_parent><![CDATA[]]></wp:term_parent>
		<wp:term_name><![CDATA[Uncategorized]]></wp:term_name>
		<wp:term_description><![CDATA[Not labelled articles]]></wp:term_description>
	</wp:term>
			<wp:term><wp:term_id>12</wp:term_id><wp:term_taxonomy>nav_menu</wp:term_taxonomy><wp:term_slug><![CDATA[pages]]></wp:term_slug><wp:term_name><![CDATA[Pages]]></wp:term_name>
</wp:term>

	<generator>https://wordpress.org/?v=5.9.3</generator>

<image>
	<url>http://agc.io/wp-content/uploads/2019/12/cropped-PicsArt_09-09-12.12.25-32x32.jpg</url>
	<title>WMI</title>
	<link>http://agc.io</link>
	<width>32</width>
	<height>32</height>
</image>

		<item>
		<title><![CDATA[Privacy Policy And Terms Of Services]]></title>
		<link>http://agc.io/privacy-policy</link>
		<pubDate>Fri, 29 Nov 2019 17:11:37 +0000</pubDate>
		<dc:creator><![CDATA[dimaslanjaka]]></dc:creator>
		<guid isPermaLink="false">http://agc.io/?page_id=3</guid>
		<description></description>
		<content:encoded><![CDATA[<!-- wp:heading -->
<h2>Who we are</h2>
<!-- /wp:heading -->

<!-- wp:paragraph -->
<p>Our website address is: http://wp.webmanajemen.com.</p>
<!-- /wp:paragraph -->

<!-- wp:heading -->
<h2>What personal data we collect and why we collect it</h2>
<!-- /wp:heading -->

<!-- wp:heading {"level":3} -->
<h3>Comments</h3>
<!-- /wp:heading -->

<!-- wp:paragraph -->
<p>When visitors leave comments on the site we collect the data shown in the comments form, and also the visitor’s IP address and browser user agent string to help spam detection.</p>
<!-- /wp:paragraph -->

<!-- wp:paragraph -->
<p>An anonymized string created from your email address (also called a hash) may be provided to the Gravatar service to see if you are using it. The Gravatar service privacy policy is available here: https://automattic.com/privacy/. After approval of your comment, your profile picture is visible to the public in the context of your comment.</p>
<!-- /wp:paragraph -->

<!-- wp:heading {"level":3} -->
<h3>Media</h3>
<!-- /wp:heading -->

<!-- wp:paragraph -->
<p>If you upload images to the website, you should avoid uploading images with embedded location data (EXIF GPS) included. Visitors to the website can download and extract any location data from images on the website.</p>
<!-- /wp:paragraph -->

<!-- wp:heading {"level":3} -->
<h3>Contact forms</h3>
<!-- /wp:heading -->

<!-- wp:html -->
<script type="text/javascript" src="https://form.jotform.me/jsform/71051612971451"></script>
<!-- /wp:html -->

<!-- wp:heading {"level":3} -->
<h3>Cookies</h3>
<!-- /wp:heading -->

<!-- wp:paragraph -->
<p>If you leave a comment on our site you may opt-in to saving your name, email address and website in cookies. These are for your convenience so that you do not have to fill in your details again when you leave another comment. These cookies will last for one year.</p>
<!-- /wp:paragraph -->

<!-- wp:paragraph -->
<p>If you visit our login page, we will set a temporary cookie to determine if your browser accepts cookies. This cookie contains no personal data and is discarded when you close your browser.</p>
<!-- /wp:paragraph -->

<!-- wp:paragraph -->
<p>When you log in, we will also set up several cookies to save your login information and your screen display choices. Login cookies last for two days, and screen options cookies last for a year. If you select "Remember Me", your login will persist for two weeks. If you log out of your account, the login cookies will be removed.</p>
<!-- /wp:paragraph -->

<!-- wp:paragraph -->
<p>If you edit or publish an article, an additional cookie will be saved in your browser. This cookie includes no personal data and simply indicates the post ID of the article you just edited. It expires after 1 day.</p>
<!-- /wp:paragraph -->

<!-- wp:heading {"level":3} -->
<h3>Embedded content from other websites</h3>
<!-- /wp:heading -->

<!-- wp:paragraph -->
<p>Articles on this site may include embedded content (e.g. videos, images, articles, etc.). Embedded content from other websites behaves in the exact same way as if the visitor has visited the other website.</p>
<!-- /wp:paragraph -->

<!-- wp:paragraph -->
<p>These websites may collect data about you, use cookies, embed additional third-party tracking, and monitor your interaction with that embedded content, including tracking your interaction with the embedded content if you have an account and are logged in to that website.</p>
<!-- /wp:paragraph -->

<!-- wp:heading {"level":3} -->
<h3>Analytics</h3>
<!-- /wp:heading -->

<!-- wp:list -->
<ul><li>Google Analystics</li></ul>
<!-- /wp:list -->

<!-- wp:heading -->
<h2>Who we share your data with</h2>
<!-- /wp:heading -->

<!-- wp:paragraph -->
<p>We not share your privacy data</p>
<!-- /wp:paragraph -->

<!-- wp:html -->
<h2>WE CARE ABOUT YOUR PRIVACY</h2>
<!-- /wp:html -->

<!-- wp:paragraph -->
<p>WMI Global B.V., including its affiliates (“WMI”), is committed to respect your privacy and to comply with applicable data protection and privacy laws. This privacy policy (“Policy”) describes how we collect and use personal data where WMI is the data controller or where we refer to the applicability of this Policy. “Personal data” means information relating to you or another identifiable individual.</p>
<!-- /wp:paragraph -->

<!-- wp:paragraph -->
<p>We will give you additional privacy information that is specific to a product or service in Supplements to this Policy and other notices you may see while using our products or services. If there is a difference between such notices and this Policy, the notices should be considered first.</p>
<!-- /wp:paragraph -->

<!-- wp:paragraph -->
<p>Software on your device may access your information. Our products or services may contain links to, or may be embedded within, other companies’ websites and services that have privacy policies of their own. Where our products or services are embedded to products and services of our customers, we require our customers to provide necessary transparency to you. This might include linking to this Policy and the relevant Supplements, or providing the transparency in integrated and embedded notices which identify us as the service provider or controller.</p>
<!-- /wp:paragraph -->

<!-- wp:heading -->
<h2>How long we retain your data</h2>
<!-- /wp:heading -->

<!-- wp:paragraph -->
<p>If you leave a comment, the comment and its metadata are retained indefinitely. This is so we can recognize and approve any follow-up comments automatically instead of holding them in a moderation queue.</p>
<!-- /wp:paragraph -->

<!-- wp:paragraph -->
<p>For users that register on our website (if any), we also store the personal information they provide in their user profile. All users can see, edit, or delete their personal information at any time (except they cannot change their username). Website administrators can also see and edit that information.</p>
<!-- /wp:paragraph -->

<!-- wp:heading -->
<h2>What rights you have over your data</h2>
<!-- /wp:heading -->

<!-- wp:paragraph -->
<p>If you have an account on this site, or have left comments, you can request to receive an exported file of the personal data we hold about you, including any data you have provided to us. You can also request that we erase any personal data we hold about you. This does not include any data we are obliged to keep for administrative, legal, or security purposes.</p>
<!-- /wp:paragraph -->

<!-- wp:heading -->
<h2>Where we send your data</h2>
<!-- /wp:heading -->

<!-- wp:paragraph -->
<p>Visitor comments may be checked through an automated spam detection service.</p>
<!-- /wp:paragraph -->

<!-- wp:heading -->
<h2>Your contact information</h2>
<!-- /wp:heading -->

<!-- wp:paragraph -->
<p>Email : webmanajemen@gmail.com<br>Phone : +62 856 556 7573<br>Country : Indonesia</p>
<!-- /wp:paragraph -->

<!-- wp:heading -->
<h2>Additional information</h2>
<!-- /wp:heading -->

<!-- wp:paragraph -->
<p>Address : Jl Peneleh 3/22, Genteng, Surabaya, East Java, Indonesia 60278<br>Websites :</p>
<!-- /wp:paragraph -->

<!-- wp:list -->
<ul><li><a href="https://web-manajemen.blogspot.com">Website Development Indonesia</a></li></ul>
<!-- /wp:list -->

<!-- wp:heading {"level":3} -->
<h3>How we protect your data</h3>
<!-- /wp:heading -->

<!-- wp:paragraph -->
<p>Individual information will be dependent upon extra protects to guarantee this information is handled safely. For instance, we make a solid effort to guarantee information is encoded when in travel and capacity, and access to this information will be carefully constrained to a base number of people and subject to classification duties. </p>
<!-- /wp:paragraph -->

<!-- wp:paragraph -->
<p>We will make all strides sensibly important to guarantee that your information is dealt with safely and as per this Approach. Tragically, the transmission of data through the web isn't totally verify. In spite of the fact that we will give a valiant effort to ensure your own information, we can't ensure the security of your information transmitted to any of our sites; any transmission is at your own hazard. When we have gotten your data, we will utilize severe systems and security highlights to attempt to avert unapproved get to. Whenever the situation allows, encryption is utilized, both in travel and capacity. Access controls inside as far as possible who may get to data.</p>
<!-- /wp:paragraph -->

<!-- wp:heading {"level":3} -->
<h3>What data breach procedures we have in place</h3>
<!-- /wp:heading -->

<!-- wp:paragraph -->
<p>Unavailable for now</p>
<!-- /wp:paragraph -->

<!-- wp:heading {"level":3} -->
<h3>What third parties we receive data from</h3>
<!-- /wp:heading -->

<!-- wp:paragraph -->
<p><strong>Third Parties Cookie</strong> :<br>We may likewise point from our sites to other internet providers that do utilize treats. Our installment processors, for instance, will put treats too. This is additionally the situation with multi-media administrations, and with the connections that we post on our <strong>Social media</strong> accounts.<br><br><strong>What Are Cookies ?</strong><br>Cookies are little bits of information that websites store on your computer when you visit them. They can help websites "remember" things about you. A website might use a cookie to store your Currency or Language preference. They are also usually required if you log in to a website.<br><br><strong>Various third-party cookies in our websites</strong> ?<br>1. Google Analystics<br>2. Google Adsense<br>3. Google Recaptcha<br>4. Google APIs</p>
<!-- /wp:paragraph -->

<!-- wp:html -->
<center>
<b>Are third party cookies enabled ?</b><br>
third party cookies are <span id="result"></span>
</center>
<script type="text/javascript">
var CookieName = "ThirdPartyCookies";
document.cookie = CookieName+"=yes;";
if(document.cookie.indexOf(CookieName) == -1) {
  document.getElementById('result').innerHTML = '<b style="color:red">Not supported</b>';
} else {
document.getElementById('result').innerHTML = '<b style="color:green">Supported</b>';
}
</script>
<!-- /wp:html -->

<!-- wp:heading {"level":3} -->
<h3>What automated decision making and/or profiling we do with user data</h3>
<!-- /wp:heading -->

<!-- wp:paragraph -->
<p>We only use email and name of your Google Accounts for identify cookie auth from our website hooks.</p>
<!-- /wp:paragraph -->

<!-- wp:heading {"level":3} -->
<h3>Information We Automatically Collect</h3>
<!-- /wp:heading -->

<!-- wp:paragraph -->
<p>We automatically collect certain information to help us understand how our users use the Services (which we will refer to in this Privacy Policy collectively as "Usage Data"). For example, each time you visit the Services we may automatically collect your IP address, browser and computer type, access time, the Web page you came from, the URL you go to next, and the Web page(s) that you access during your visit.</p>
<!-- /wp:paragraph -->

<!-- wp:paragraph -->
<p>We will use such Usage Data to diagnose problems with our servers and software, to administer the Services, and to gather demographic information. Our third-party advertising networks and servers will also provide us reports that will tell us how many ads were presented and clicked on the Services in a manner that does not identify personally any individual.</p>
<!-- /wp:paragraph -->]]></content:encoded>
		<excerpt:encoded><![CDATA[]]></excerpt:encoded>
		<wp:post_id>3</wp:post_id>
		<wp:post_date><![CDATA[2019-11-29 17:11:37]]></wp:post_date>
		<wp:post_date_gmt><![CDATA[2019-11-29 17:11:37]]></wp:post_date_gmt>
		<wp:post_modified><![CDATA[2019-12-14 22:38:40]]></wp:post_modified>
		<wp:post_modified_gmt><![CDATA[2019-12-14 22:38:40]]></wp:post_modified_gmt>
		<wp:comment_status><![CDATA[closed]]></wp:comment_status>
		<wp:ping_status><![CDATA[open]]></wp:ping_status>
		<wp:post_name><![CDATA[privacy-policy]]></wp:post_name>
		<wp:status><![CDATA[publish]]></wp:status>
		<wp:post_parent>0</wp:post_parent>
		<wp:menu_order>0</wp:menu_order>
		<wp:post_type><![CDATA[page]]></wp:post_type>
		<wp:post_password><![CDATA[]]></wp:post_password>
		<wp:is_sticky>0</wp:is_sticky>
														<wp:postmeta>
		<wp:meta_key><![CDATA[_wp_page_template]]></wp:meta_key>
		<wp:meta_value><![CDATA[default]]></wp:meta_value>
		</wp:postmeta>
							<wp:postmeta>
		<wp:meta_key><![CDATA[_wp_suggested_privacy_policy_content]]></wp:meta_key>
		<wp:meta_value><![CDATA[a:3:{s:11:"plugin_name";s:9:"WordPress";s:11:"policy_text";s:11772:"<div class="wp-suggested-text"><h2>Who we are</h2><p class="privacy-policy-tutorial">In this section you should note your site URL, as well as the name of the company, organization, or individual behind it, and some accurate contact information.</p><p class="privacy-policy-tutorial">The amount of information you may be required to show will vary depending on your local or national business regulations. You may, for example, be required to display a physical address, a registered address, or your company registration number.</p><p><strong class="privacy-policy-tutorial">Suggested text: </strong>Our website address is: http://agc.io.</p><h2>What personal data we collect and why we collect it</h2><p class="privacy-policy-tutorial">In this section you should note what personal data you collect from users and site visitors. This may include personal data, such as name, email address, personal account preferences; transactional data, such as purchase information; and technical data, such as information about cookies.</p><p class="privacy-policy-tutorial">You should also note any collection and retention of sensitive personal data, such as data concerning health.</p><p class="privacy-policy-tutorial">In addition to listing what personal data you collect, you need to note why you collect it. These explanations must note either the legal basis for your data collection and retention or the active consent the user has given.</p><p class="privacy-policy-tutorial">Personal data is not just created by a user&#8217;s interactions with your site. Personal data is also generated from technical processes such as contact forms, comments, cookies, analytics, and third party embeds.</p><p class="privacy-policy-tutorial">By default WordPress does not collect any personal data about visitors, and only collects the data shown on the User Profile screen from registered users. However some of your plugins may collect personal data. You should add the relevant information below.</p><h3>Comments</h3><p class="privacy-policy-tutorial">In this subsection you should note what information is captured through comments. We have noted the data which WordPress collects by default.</p><p><strong class="privacy-policy-tutorial">Suggested text: </strong>When visitors leave comments on the site we collect the data shown in the comments form, and also the visitor&#8217;s IP address and browser user agent string to help spam detection.</p><p>An anonymized string created from your email address (also called a hash) may be provided to the Gravatar service to see if you are using it. The Gravatar service privacy policy is available here: https://automattic.com/privacy/. After approval of your comment, your profile picture is visible to the public in the context of your comment.</p><h3>Media</h3><p class="privacy-policy-tutorial">In this subsection you should note what information may be disclosed by users who can upload media files. All uploaded files are usually publicly accessible.</p><p><strong class="privacy-policy-tutorial">Suggested text: </strong>If you upload images to the website, you should avoid uploading images with embedded location data (EXIF GPS) included. Visitors to the website can download and extract any location data from images on the website.</p><h3>Contact forms</h3><p class="privacy-policy-tutorial">By default, WordPress does not include a contact form. If you use a contact form plugin, use this subsection to note what personal data is captured when someone submits a contact form, and how long you keep it. For example, you may note that you keep contact form submissions for a certain period for customer service purposes, but you do not use the information submitted through them for marketing purposes.</p><h3>Cookies</h3><p class="privacy-policy-tutorial">In this subsection you should list the cookies your web site uses, including those set by your plugins, social media, and analytics. We have provided the cookies which WordPress installs by default.</p><p><strong class="privacy-policy-tutorial">Suggested text: </strong>If you leave a comment on our site you may opt-in to saving your name, email address and website in cookies. These are for your convenience so that you do not have to fill in your details again when you leave another comment. These cookies will last for one year.</p><p>If you visit our login page, we will set a temporary cookie to determine if your browser accepts cookies. This cookie contains no personal data and is discarded when you close your browser.</p><p>When you log in, we will also set up several cookies to save your login information and your screen display choices. Login cookies last for two days, and screen options cookies last for a year. If you select &quot;Remember Me&quot;, your login will persist for two weeks. If you log out of your account, the login cookies will be removed.</p><p>If you edit or publish an article, an additional cookie will be saved in your browser. This cookie includes no personal data and simply indicates the post ID of the article you just edited. It expires after 1 day.</p><h3>Embedded content from other websites</h3><p><strong class="privacy-policy-tutorial">Suggested text: </strong>Articles on this site may include embedded content (e.g. videos, images, articles, etc.). Embedded content from other websites behaves in the exact same way as if the visitor has visited the other website.</p><p>These websites may collect data about you, use cookies, embed additional third-party tracking, and monitor your interaction with that embedded content, including tracking your interaction with the embedded content if you have an account and are logged in to that website.</p><h3>Analytics</h3><p class="privacy-policy-tutorial">In this subsection you should note what analytics package you use, how users can opt out of analytics tracking, and a link to your analytics provider&#8217;s privacy policy, if any.</p><p class="privacy-policy-tutorial">By default WordPress does not collect any analytics data. However, many web hosting accounts collect some anonymous analytics data. You may also have installed a WordPress plugin that provides analytics services. In that case, add information from that plugin here.</p><h2>Who we share your data with</h2><p class="privacy-policy-tutorial">In this section you should name and list all third party providers with whom you share site data, including partners, cloud-based services, payment processors, and third party service providers, and note what data you share with them and why. Link to their own privacy policies if possible.</p><p class="privacy-policy-tutorial">By default WordPress does not share any personal data with anyone.</p><h2>How long we retain your data</h2><p class="privacy-policy-tutorial">In this section you should explain how long you retain personal data collected or processed by the web site. While it is your responsibility to come up with the schedule of how long you keep each dataset for and why you keep it, that information does need to be listed here. For example, you may want to say that you keep contact form entries for six months, analytics records for a year, and customer purchase records for ten years.</p><p><strong class="privacy-policy-tutorial">Suggested text: </strong>If you leave a comment, the comment and its metadata are retained indefinitely. This is so we can recognize and approve any follow-up comments automatically instead of holding them in a moderation queue.</p><p>For users that register on our website (if any), we also store the personal information they provide in their user profile. All users can see, edit, or delete their personal information at any time (except they cannot change their username). Website administrators can also see and edit that information.</p><h2>What rights you have over your data</h2><p class="privacy-policy-tutorial">In this section you should explain what rights your users have over their data and how they can invoke those rights.</p><p><strong class="privacy-policy-tutorial">Suggested text: </strong>If you have an account on this site, or have left comments, you can request to receive an exported file of the personal data we hold about you, including any data you have provided to us. You can also request that we erase any personal data we hold about you. This does not include any data we are obliged to keep for administrative, legal, or security purposes.</p><h2>Where we send your data</h2><p class="privacy-policy-tutorial">In this section you should list all transfers of your site data outside the European Union and describe the means by which that data is safeguarded to European data protection standards. This could include your web hosting, cloud storage, or other third party services.</p><p class="privacy-policy-tutorial">European data protection law requires data about European residents which is transferred outside the European Union to be safeguarded to the same standards as if the data was in Europe. So in addition to listing where data goes, you should describe how you ensure that these standards are met either by yourself or by your third party providers, whether that is through an agreement such as Privacy Shield, model clauses in your contracts, or binding corporate rules.</p><p><strong class="privacy-policy-tutorial">Suggested text: </strong>Visitor comments may be checked through an automated spam detection service.</p><h2>Your contact information</h2><p class="privacy-policy-tutorial">In this section you should provide a contact method for privacy-specific concerns. If you are required to have a Data Protection Officer, list their name and full contact details here as well.</p><h2>Additional information</h2><p class="privacy-policy-tutorial">If you use your site for commercial purposes and you engage in more complex collection or processing of personal data, you should note the following information in your privacy policy in addition to the information we have already discussed.</p><h3>How we protect your data</h3><p class="privacy-policy-tutorial">In this section you should explain what measures you have taken to protect your users&#8217; data. This could include technical measures such as encryption; security measures such as two factor authentication; and measures such as staff training in data protection. If you have carried out a Privacy Impact Assessment, you can mention it here too.</p><h3>What data breach procedures we have in place</h3><p class="privacy-policy-tutorial">In this section you should explain what procedures you have in place to deal with data breaches, either potential or real, such as internal reporting systems, contact mechanisms, or bug bounties.</p><h3>What third parties we receive data from</h3><p class="privacy-policy-tutorial">If your web site receives data about users from third parties, including advertisers, this information must be included within the section of your privacy policy dealing with third party data.</p><h3>What automated decision making and/or profiling we do with user data</h3><p class="privacy-policy-tutorial">If your web site provides a service which includes automated decision making - for example, allowing customers to apply for credit, or aggregating their data into an advertising profile - you must note that this is taking place, and include information about how that information is used, what decisions are made with that aggregated data, and what rights users have over decisions made without human intervention.</p><h3>Industry regulatory disclosure requirements</h3><p class="privacy-policy-tutorial">If you are a member of a regulated industry, or if you are subject to additional privacy laws, you may be required to disclose that information here.</p></div>";s:5:"added";i:1576357954;}]]></wp:meta_value>
		</wp:postmeta>
							<wp:postmeta>
		<wp:meta_key><![CDATA[_edit_last]]></wp:meta_key>
		<wp:meta_value><![CDATA[1]]></wp:meta_value>
		</wp:postmeta>
							<wp:postmeta>
		<wp:meta_key><![CDATA[ktz_meta_noindex]]></wp:meta_key>
		<wp:meta_value><![CDATA[no]]></wp:meta_value>
		</wp:postmeta>
							<wp:postmeta>
		<wp:meta_key><![CDATA[ktz_meta_nofollow]]></wp:meta_key>
		<wp:meta_value><![CDATA[no]]></wp:meta_value>
		</wp:postmeta>
							<wp:postmeta>
		<wp:meta_key><![CDATA[ktz_meta_noodp]]></wp:meta_key>
		<wp:meta_value><![CDATA[no]]></wp:meta_value>
		</wp:postmeta>
							<wp:postmeta>
		<wp:meta_key><![CDATA[ktz_meta_noydir]]></wp:meta_key>
		<wp:meta_value><![CDATA[no]]></wp:meta_value>
		</wp:postmeta>
							<wp:postmeta>
		<wp:meta_key><![CDATA[ktz_menu_squeeze]]></wp:meta_key>
		<wp:meta_value><![CDATA[yes]]></wp:meta_value>
		</wp:postmeta>
							<wp:postmeta>
		<wp:meta_key><![CDATA[ktz_copyright_squeeze]]></wp:meta_key>
		<wp:meta_value><![CDATA[yes]]></wp:meta_value>
		</wp:postmeta>
							<wp:postmeta>
		<wp:meta_key><![CDATA[ktz_exit_splash_squeeze_enable]]></wp:meta_key>
		<wp:meta_value><![CDATA[no]]></wp:meta_value>
		</wp:postmeta>
							<wp:postmeta>
		<wp:meta_key><![CDATA[ktz_url_splash_squeeze]]></wp:meta_key>
		<wp:meta_value><![CDATA[http://kentooz.com]]></wp:meta_value>
		</wp:postmeta>
							<wp:postmeta>
		<wp:meta_key><![CDATA[ktz_text_splash_squeeze]]></wp:meta_key>
		<wp:meta_value><![CDATA[Wait!!! Before you go please read our another offer, you will be love!!!]]></wp:meta_value>
		</wp:postmeta>
							<wp:postmeta>
		<wp:meta_key><![CDATA[ktz_width_squeeze]]></wp:meta_key>
		<wp:meta_value><![CDATA[790px]]></wp:meta_value>
		</wp:postmeta>
							<wp:postmeta>
		<wp:meta_key><![CDATA[ktz_margintop_squeeze]]></wp:meta_key>
		<wp:meta_value><![CDATA[0px]]></wp:meta_value>
		</wp:postmeta>
							</item>
					<item>
		<title><![CDATA[Welcome To WMI]]></title>
		<link>http://agc.io/front-page</link>
		<pubDate>Sat, 14 Dec 2019 09:24:08 +0000</pubDate>
		<dc:creator><![CDATA[dimaslanjaka]]></dc:creator>
		<guid isPermaLink="false">http://agc.io/front-page</guid>
		<description></description>
		<content:encoded><![CDATA[<!-- wp:group -->
<div class="wp-block-group"><div class="wp-block-group__inner-container"><!-- wp:html -->
<h2>What We Provide ?</h2>
<!-- /wp:html --></div></div>
<!-- /wp:group -->

<!-- wp:group -->
<div class="wp-block-group"><div class="wp-block-group__inner-container"><!-- wp:separator -->
<hr class="wp-block-separator"/>
<!-- /wp:separator --></div></div>
<!-- /wp:group -->

<!-- wp:html -->
<h3>Free SEO Articles</h3>
<p>We provide free articles every day for you.<br><strong>What are the features ?</strong></p>
<!-- /wp:html -->

<!-- wp:list {"ordered":true} -->
<ol><li><strong>Various languages</strong><ol><li>english</li><li>Indonesia</li></ol></li><li><strong>SEO html tags</strong><ol><li>SEO anchors</li><li>Smart External Links</li><li>Image CDN</li><li>Copyscape FREE</li></ol></li><li><strong>Proxy</strong><ol><li>Bypass any blocked port (backend/only staff work in there)</li><li>Define proxy of yours</li></ol></li><li><strong>Adsense Support</strong><ol><li>Articles provided <em>adsense support</em></li><li>Unique articles</li><li>DMCA Protected</li></ol></li><li><strong>Various Niches</strong><ol><li>Movies</li><li>Software</li><li>Marketing</li><li>Blogger Solutions</li><li>AMP HTML</li><li>MP3 (Only Request at <a rel="noreferrer noopener" aria-label=" (opens in a new tab)" href="/page-contact/" target="_blank">Here</a>)</li></ol></li></ol>
<!-- /wp:list -->

<!-- wp:separator -->
<hr class="wp-block-separator"/>
<!-- /wp:separator -->

<!-- wp:button {"backgroundColor":"vivid-cyan-blue","className":"center text-center"} -->
<div class="wp-block-button center text-center"><a class="wp-block-button__link has-background has-vivid-cyan-blue-background-color" href="/AGC/login" rel="follow">Login to get your article (FREE)</a></div>
<!-- /wp:button -->

<!-- wp:separator -->
<hr class="wp-block-separator"/>
<!-- /wp:separator -->

<!-- wp:paragraph -->
<p><strong>Our Blogger Articles</strong></p>
<!-- /wp:paragraph -->

<!-- wp:rss {"feedURL":"https://web-manajemen.blogspot.com/rss.xml"} /-->]]></content:encoded>
		<excerpt:encoded><![CDATA[]]></excerpt:encoded>
		<wp:post_id>48</wp:post_id>
		<wp:post_date><![CDATA[2019-12-14 09:24:08]]></wp:post_date>
		<wp:post_date_gmt><![CDATA[2019-12-14 09:24:08]]></wp:post_date_gmt>
		<wp:post_modified><![CDATA[2019-12-14 22:27:09]]></wp:post_modified>
		<wp:post_modified_gmt><![CDATA[2019-12-14 22:27:09]]></wp:post_modified_gmt>
		<wp:comment_status><![CDATA[closed]]></wp:comment_status>
		<wp:ping_status><![CDATA[closed]]></wp:ping_status>
		<wp:post_name><![CDATA[front-page]]></wp:post_name>
		<wp:status><![CDATA[publish]]></wp:status>
		<wp:post_parent>0</wp:post_parent>
		<wp:menu_order>0</wp:menu_order>
		<wp:post_type><![CDATA[page]]></wp:post_type>
		<wp:post_password><![CDATA[]]></wp:post_password>
		<wp:is_sticky>0</wp:is_sticky>
														<wp:postmeta>
		<wp:meta_key><![CDATA[_wp_page_template]]></wp:meta_key>
		<wp:meta_value><![CDATA[default]]></wp:meta_value>
		</wp:postmeta>
							<wp:postmeta>
		<wp:meta_key><![CDATA[_edit_last]]></wp:meta_key>
		<wp:meta_value><![CDATA[1]]></wp:meta_value>
		</wp:postmeta>
							<wp:postmeta>
		<wp:meta_key><![CDATA[ktz_meta_noindex]]></wp:meta_key>
		<wp:meta_value><![CDATA[no]]></wp:meta_value>
		</wp:postmeta>
							<wp:postmeta>
		<wp:meta_key><![CDATA[ktz_meta_nofollow]]></wp:meta_key>
		<wp:meta_value><![CDATA[no]]></wp:meta_value>
		</wp:postmeta>
							<wp:postmeta>
		<wp:meta_key><![CDATA[ktz_meta_noodp]]></wp:meta_key>
		<wp:meta_value><![CDATA[no]]></wp:meta_value>
		</wp:postmeta>
							<wp:postmeta>
		<wp:meta_key><![CDATA[ktz_meta_noydir]]></wp:meta_key>
		<wp:meta_value><![CDATA[no]]></wp:meta_value>
		</wp:postmeta>
							<wp:postmeta>
		<wp:meta_key><![CDATA[ktz_menu_squeeze]]></wp:meta_key>
		<wp:meta_value><![CDATA[yes]]></wp:meta_value>
		</wp:postmeta>
							<wp:postmeta>
		<wp:meta_key><![CDATA[ktz_copyright_squeeze]]></wp:meta_key>
		<wp:meta_value><![CDATA[yes]]></wp:meta_value>
		</wp:postmeta>
							<wp:postmeta>
		<wp:meta_key><![CDATA[ktz_exit_splash_squeeze_enable]]></wp:meta_key>
		<wp:meta_value><![CDATA[no]]></wp:meta_value>
		</wp:postmeta>
							<wp:postmeta>
		<wp:meta_key><![CDATA[ktz_url_splash_squeeze]]></wp:meta_key>
		<wp:meta_value><![CDATA[http://kentooz.com]]></wp:meta_value>
		</wp:postmeta>
							<wp:postmeta>
		<wp:meta_key><![CDATA[ktz_text_splash_squeeze]]></wp:meta_key>
		<wp:meta_value><![CDATA[Wait!!! Before you go please read our another offer, you will be love!!!]]></wp:meta_value>
		</wp:postmeta>
							<wp:postmeta>
		<wp:meta_key><![CDATA[ktz_width_squeeze]]></wp:meta_key>
		<wp:meta_value><![CDATA[790px]]></wp:meta_value>
		</wp:postmeta>
							<wp:postmeta>
		<wp:meta_key><![CDATA[ktz_margintop_squeeze]]></wp:meta_key>
		<wp:meta_value><![CDATA[0px]]></wp:meta_value>
		</wp:postmeta>
							<wp:postmeta>
		<wp:meta_key><![CDATA[ktz_meta_description]]></wp:meta_key>
		<wp:meta_value><![CDATA[Free articles every day for you]]></wp:meta_value>
		</wp:postmeta>
							<wp:postmeta>
		<wp:meta_key><![CDATA[ktz_meta_keywords]]></wp:meta_key>
		<wp:meta_value><![CDATA[free agc, agc blogger]]></wp:meta_value>
		</wp:postmeta>
							</item>
					<item>
		<title><![CDATA[Blog]]></title>
		<link>http://agc.io/page-post-lists</link>
		<pubDate>Sat, 14 Dec 2019 09:24:08 +0000</pubDate>
		<dc:creator><![CDATA[dimaslanjaka]]></dc:creator>
		<guid isPermaLink="false">http://agc.io/blog</guid>
		<description></description>
		<content:encoded><![CDATA[]]></content:encoded>
		<excerpt:encoded><![CDATA[]]></excerpt:encoded>
		<wp:post_id>49</wp:post_id>
		<wp:post_date><![CDATA[2019-12-14 09:24:08]]></wp:post_date>
		<wp:post_date_gmt><![CDATA[2019-12-14 09:24:08]]></wp:post_date_gmt>
		<wp:post_modified><![CDATA[2019-12-14 21:42:08]]></wp:post_modified>
		<wp:post_modified_gmt><![CDATA[2019-12-14 21:42:08]]></wp:post_modified_gmt>
		<wp:comment_status><![CDATA[closed]]></wp:comment_status>
		<wp:ping_status><![CDATA[closed]]></wp:ping_status>
		<wp:post_name><![CDATA[page-post-lists]]></wp:post_name>
		<wp:status><![CDATA[publish]]></wp:status>
		<wp:post_parent>0</wp:post_parent>
		<wp:menu_order>0</wp:menu_order>
		<wp:post_type><![CDATA[page]]></wp:post_type>
		<wp:post_password><![CDATA[]]></wp:post_password>
		<wp:is_sticky>0</wp:is_sticky>
														<wp:postmeta>
		<wp:meta_key><![CDATA[_edit_last]]></wp:meta_key>
		<wp:meta_value><![CDATA[1]]></wp:meta_value>
		</wp:postmeta>
							</item>
					<item>
		<title><![CDATA[Shapely Backup Settings]]></title>
		<link>http://agc.io/?page_id=52</link>
		<pubDate>Sat, 07 May 2022 16:02:49 +0000</pubDate>
		<dc:creator><![CDATA[]]></dc:creator>
		<guid isPermaLink="false">http://agc.io/?page_id=52</guid>
		<description></description>
		<content:encoded><![CDATA[]]></content:encoded>
		<excerpt:encoded><![CDATA[]]></excerpt:encoded>
		<wp:post_id>52</wp:post_id>
		<wp:post_date><![CDATA[2022-05-07 16:02:49]]></wp:post_date>
		<wp:post_date_gmt><![CDATA[2022-05-07 16:02:49]]></wp:post_date_gmt>
		<wp:post_modified><![CDATA[2022-05-07 16:02:53]]></wp:post_modified>
		<wp:post_modified_gmt><![CDATA[2022-05-07 16:02:53]]></wp:post_modified_gmt>
		<wp:comment_status><![CDATA[closed]]></wp:comment_status>
		<wp:ping_status><![CDATA[closed]]></wp:ping_status>
		<wp:post_name><![CDATA[__trashed]]></wp:post_name>
		<wp:status><![CDATA[draft]]></wp:status>
		<wp:post_parent>0</wp:post_parent>
		<wp:menu_order>0</wp:menu_order>
		<wp:post_type><![CDATA[page]]></wp:post_type>
		<wp:post_password><![CDATA[]]></wp:post_password>
		<wp:is_sticky>0</wp:is_sticky>
														<wp:postmeta>
		<wp:meta_key><![CDATA[_wp_desired_post_slug]]></wp:meta_key>
		<wp:meta_value><![CDATA[]]></wp:meta_value>
		</wp:postmeta>
							</item>
					<item>
		<title><![CDATA[]]></title>
		<link>http://agc.io/2019/12/14/59.html</link>
		<pubDate>Sat, 14 Dec 2019 20:56:45 +0000</pubDate>
		<dc:creator><![CDATA[dimaslanjaka]]></dc:creator>
		<guid isPermaLink="false">http://agc.io/?p=59</guid>
		<description></description>
		<content:encoded><![CDATA[ ]]></content:encoded>
		<excerpt:encoded><![CDATA[]]></excerpt:encoded>
		<wp:post_id>59</wp:post_id>
		<wp:post_date><![CDATA[2019-12-14 20:56:45]]></wp:post_date>
		<wp:post_date_gmt><![CDATA[2019-12-14 20:56:45]]></wp:post_date_gmt>
		<wp:post_modified><![CDATA[2019-12-14 20:56:45]]></wp:post_modified>
		<wp:post_modified_gmt><![CDATA[2019-12-14 20:56:45]]></wp:post_modified_gmt>
		<wp:comment_status><![CDATA[closed]]></wp:comment_status>
		<wp:ping_status><![CDATA[closed]]></wp:ping_status>
		<wp:post_name><![CDATA[59]]></wp:post_name>
		<wp:status><![CDATA[publish]]></wp:status>
		<wp:post_parent>0</wp:post_parent>
		<wp:menu_order>1</wp:menu_order>
		<wp:post_type><![CDATA[nav_menu_item]]></wp:post_type>
		<wp:post_password><![CDATA[]]></wp:post_password>
		<wp:is_sticky>0</wp:is_sticky>
										<category domain="nav_menu" nicename="pages"><![CDATA[Pages]]></category>
						<wp:postmeta>
		<wp:meta_key><![CDATA[_menu_item_type]]></wp:meta_key>
		<wp:meta_value><![CDATA[post_type]]></wp:meta_value>
		</wp:postmeta>
							<wp:postmeta>
		<wp:meta_key><![CDATA[_menu_item_menu_item_parent]]></wp:meta_key>
		<wp:meta_value><![CDATA[0]]></wp:meta_value>
		</wp:postmeta>
							<wp:postmeta>
		<wp:meta_key><![CDATA[_menu_item_object_id]]></wp:meta_key>
		<wp:meta_value><![CDATA[3]]></wp:meta_value>
		</wp:postmeta>
							<wp:postmeta>
		<wp:meta_key><![CDATA[_menu_item_object]]></wp:meta_key>
		<wp:meta_value><![CDATA[page]]></wp:meta_value>
		</wp:postmeta>
							<wp:postmeta>
		<wp:meta_key><![CDATA[_menu_item_target]]></wp:meta_key>
		<wp:meta_value><![CDATA[]]></wp:meta_value>
		</wp:postmeta>
							<wp:postmeta>
		<wp:meta_key><![CDATA[_menu_item_classes]]></wp:meta_key>
		<wp:meta_value><![CDATA[a:1:{i:0;s:0:"";}]]></wp:meta_value>
		</wp:postmeta>
							<wp:postmeta>
		<wp:meta_key><![CDATA[_menu_item_xfn]]></wp:meta_key>
		<wp:meta_value><![CDATA[]]></wp:meta_value>
		</wp:postmeta>
							<wp:postmeta>
		<wp:meta_key><![CDATA[_menu_item_url]]></wp:meta_key>
		<wp:meta_value><![CDATA[]]></wp:meta_value>
		</wp:postmeta>
							</item>
					<item>
		<title><![CDATA[advanced-options-1698572-1456958]]></title>
		<link>http://agc.io/advanced-options-1698572-1456958</link>
		<pubDate>Sat, 14 Dec 2019 21:02:14 +0000</pubDate>
		<dc:creator><![CDATA[dimaslanjaka]]></dc:creator>
		<guid isPermaLink="false">http://agc.io/wp-content/uploads/2019/12/advanced-options-1698572-1456958.png</guid>
		<description></description>
		<content:encoded><![CDATA[Advanced Options]]></content:encoded>
		<excerpt:encoded><![CDATA[Advanced Options]]></excerpt:encoded>
		<wp:post_id>61</wp:post_id>
		<wp:post_date><![CDATA[2019-12-14 21:02:14]]></wp:post_date>
		<wp:post_date_gmt><![CDATA[2019-12-14 21:02:14]]></wp:post_date_gmt>
		<wp:post_modified><![CDATA[2019-12-14 21:02:43]]></wp:post_modified>
		<wp:post_modified_gmt><![CDATA[2019-12-14 21:02:43]]></wp:post_modified_gmt>
		<wp:comment_status><![CDATA[open]]></wp:comment_status>
		<wp:ping_status><![CDATA[closed]]></wp:ping_status>
		<wp:post_name><![CDATA[advanced-options-1698572-1456958]]></wp:post_name>
		<wp:status><![CDATA[inherit]]></wp:status>
		<wp:post_parent>0</wp:post_parent>
		<wp:menu_order>0</wp:menu_order>
		<wp:post_type><![CDATA[attachment]]></wp:post_type>
		<wp:post_password><![CDATA[]]></wp:post_password>
		<wp:is_sticky>0</wp:is_sticky>
						<wp:attachment_url><![CDATA[http://agc.io/wp-content/uploads/2019/12/advanced-options-1698572-1456958.png]]></wp:attachment_url>
											<wp:postmeta>
		<wp:meta_key><![CDATA[_wp_attached_file]]></wp:meta_key>
		<wp:meta_value><![CDATA[2019/12/advanced-options-1698572-1456958.png]]></wp:meta_value>
		</wp:postmeta>
							<wp:postmeta>
		<wp:meta_key><![CDATA[_wp_attachment_metadata]]></wp:meta_key>
		<wp:meta_value><![CDATA[a:5:{s:5:"width";i:512;s:6:"height";i:512;s:4:"file";s:44:"2019/12/advanced-options-1698572-1456958.png";s:5:"sizes";a:4:{s:6:"medium";a:4:{s:4:"file";s:44:"advanced-options-1698572-1456958-300x300.png";s:5:"width";i:300;s:6:"height";i:300;s:9:"mime-type";s:9:"image/png";}s:9:"thumbnail";a:4:{s:4:"file";s:44:"advanced-options-1698572-1456958-150x150.png";s:5:"width";i:150;s:6:"height";i:150;s:9:"mime-type";s:9:"image/png";}s:16:"shapely-featured";a:4:{s:4:"file";s:44:"advanced-options-1698572-1456958-512x350.png";s:5:"width";i:512;s:6:"height";i:350;s:9:"mime-type";s:9:"image/png";}s:12:"shapely-grid";a:4:{s:4:"file";s:44:"advanced-options-1698572-1456958-350x300.png";s:5:"width";i:350;s:6:"height";i:300;s:9:"mime-type";s:9:"image/png";}}s:10:"image_meta";a:12:{s:8:"aperture";s:1:"0";s:6:"credit";s:0:"";s:6:"camera";s:0:"";s:7:"caption";s:0:"";s:17:"created_timestamp";s:1:"0";s:9:"copyright";s:0:"";s:12:"focal_length";s:1:"0";s:3:"iso";s:1:"0";s:13:"shutter_speed";s:1:"0";s:5:"title";s:0:"";s:11:"orientation";s:1:"0";s:8:"keywords";a:0:{}}}]]></wp:meta_value>
		</wp:postmeta>
							<wp:postmeta>
		<wp:meta_key><![CDATA[_wp_attachment_image_alt]]></wp:meta_key>
		<wp:meta_value><![CDATA[Advanced Options]]></wp:meta_value>
		</wp:postmeta>
							</item>
					<item>
		<title><![CDATA[PicsArt_09-09-12.12.25]]></title>
		<link>http://agc.io/picsart_09-09-12-12-25</link>
		<pubDate>Sat, 14 Dec 2019 21:03:44 +0000</pubDate>
		<dc:creator><![CDATA[dimaslanjaka]]></dc:creator>
		<guid isPermaLink="false">http://agc.io/wp-content/uploads/2019/12/PicsArt_09-09-12.12.25.jpg</guid>
		<description></description>
		<content:encoded><![CDATA[Website Development Indonesia]]></content:encoded>
		<excerpt:encoded><![CDATA[Website Development Indonesia]]></excerpt:encoded>
		<wp:post_id>62</wp:post_id>
		<wp:post_date><![CDATA[2019-12-14 21:03:44]]></wp:post_date>
		<wp:post_date_gmt><![CDATA[2019-12-14 21:03:44]]></wp:post_date_gmt>
		<wp:post_modified><![CDATA[2019-12-14 21:03:58]]></wp:post_modified>
		<wp:post_modified_gmt><![CDATA[2019-12-14 21:03:58]]></wp:post_modified_gmt>
		<wp:comment_status><![CDATA[open]]></wp:comment_status>
		<wp:ping_status><![CDATA[closed]]></wp:ping_status>
		<wp:post_name><![CDATA[picsart_09-09-12-12-25]]></wp:post_name>
		<wp:status><![CDATA[inherit]]></wp:status>
		<wp:post_parent>0</wp:post_parent>
		<wp:menu_order>0</wp:menu_order>
		<wp:post_type><![CDATA[attachment]]></wp:post_type>
		<wp:post_password><![CDATA[]]></wp:post_password>
		<wp:is_sticky>0</wp:is_sticky>
						<wp:attachment_url><![CDATA[http://agc.io/wp-content/uploads/2019/12/PicsArt_09-09-12.12.25.jpg]]></wp:attachment_url>
											<wp:postmeta>
		<wp:meta_key><![CDATA[_wp_attached_file]]></wp:meta_key>
		<wp:meta_value><![CDATA[2019/12/PicsArt_09-09-12.12.25.jpg]]></wp:meta_value>
		</wp:postmeta>
							<wp:postmeta>
		<wp:meta_key><![CDATA[_wp_attachment_metadata]]></wp:meta_key>
		<wp:meta_value><![CDATA[a:5:{s:5:"width";i:675;s:6:"height";i:218;s:4:"file";s:34:"2019/12/PicsArt_09-09-12.12.25.jpg";s:5:"sizes";a:3:{s:6:"medium";a:4:{s:4:"file";s:33:"PicsArt_09-09-12.12.25-300x97.jpg";s:5:"width";i:300;s:6:"height";i:97;s:9:"mime-type";s:10:"image/jpeg";}s:9:"thumbnail";a:4:{s:4:"file";s:34:"PicsArt_09-09-12.12.25-150x150.jpg";s:5:"width";i:150;s:6:"height";i:150;s:9:"mime-type";s:10:"image/jpeg";}s:12:"shapely-grid";a:4:{s:4:"file";s:34:"PicsArt_09-09-12.12.25-350x218.jpg";s:5:"width";i:350;s:6:"height";i:218;s:9:"mime-type";s:10:"image/jpeg";}}s:10:"image_meta";a:12:{s:8:"aperture";s:1:"0";s:6:"credit";s:15:"213697689008102";s:6:"camera";s:0:"";s:7:"caption";s:0:"";s:17:"created_timestamp";s:1:"0";s:9:"copyright";s:0:"";s:12:"focal_length";s:1:"0";s:3:"iso";s:1:"0";s:13:"shutter_speed";s:1:"0";s:5:"title";s:0:"";s:11:"orientation";s:1:"1";s:8:"keywords";a:0:{}}}]]></wp:meta_value>
		</wp:postmeta>
							<wp:postmeta>
		<wp:meta_key><![CDATA[_wp_attachment_image_alt]]></wp:meta_key>
		<wp:meta_value><![CDATA[Website Development Indonesia]]></wp:meta_value>
		</wp:postmeta>
							</item>
					<item>
		<title><![CDATA[Akarmas MX Shop]]></title>
		<link>http://agc.io/logo-akarmas-mx</link>
		<pubDate>Sat, 14 Dec 2019 21:05:11 +0000</pubDate>
		<dc:creator><![CDATA[dimaslanjaka]]></dc:creator>
		<guid isPermaLink="false">http://agc.io/wp-content/uploads/2019/12/logo-akarmas-mx.png</guid>
		<description></description>
		<content:encoded><![CDATA[Akarmas MX Shop]]></content:encoded>
		<excerpt:encoded><![CDATA[Akarmas MX Shop]]></excerpt:encoded>
		<wp:post_id>64</wp:post_id>
		<wp:post_date><![CDATA[2019-12-14 21:05:11]]></wp:post_date>
		<wp:post_date_gmt><![CDATA[2019-12-14 21:05:11]]></wp:post_date_gmt>
		<wp:post_modified><![CDATA[2019-12-14 21:05:23]]></wp:post_modified>
		<wp:post_modified_gmt><![CDATA[2019-12-14 21:05:23]]></wp:post_modified_gmt>
		<wp:comment_status><![CDATA[open]]></wp:comment_status>
		<wp:ping_status><![CDATA[closed]]></wp:ping_status>
		<wp:post_name><![CDATA[logo-akarmas-mx]]></wp:post_name>
		<wp:status><![CDATA[inherit]]></wp:status>
		<wp:post_parent>0</wp:post_parent>
		<wp:menu_order>0</wp:menu_order>
		<wp:post_type><![CDATA[attachment]]></wp:post_type>
		<wp:post_password><![CDATA[]]></wp:post_password>
		<wp:is_sticky>0</wp:is_sticky>
						<wp:attachment_url><![CDATA[http://agc.io/wp-content/uploads/2019/12/logo-akarmas-mx.png]]></wp:attachment_url>
											<wp:postmeta>
		<wp:meta_key><![CDATA[_wp_attached_file]]></wp:meta_key>
		<wp:meta_value><![CDATA[2019/12/logo-akarmas-mx.png]]></wp:meta_value>
		</wp:postmeta>
							<wp:postmeta>
		<wp:meta_key><![CDATA[_wp_attachment_metadata]]></wp:meta_key>
		<wp:meta_value><![CDATA[a:5:{s:5:"width";i:201;s:6:"height";i:68;s:4:"file";s:27:"2019/12/logo-akarmas-mx.png";s:5:"sizes";a:1:{s:9:"thumbnail";a:4:{s:4:"file";s:26:"logo-akarmas-mx-150x68.png";s:5:"width";i:150;s:6:"height";i:68;s:9:"mime-type";s:9:"image/png";}}s:10:"image_meta";a:12:{s:8:"aperture";s:1:"0";s:6:"credit";s:0:"";s:6:"camera";s:0:"";s:7:"caption";s:0:"";s:17:"created_timestamp";s:1:"0";s:9:"copyright";s:0:"";s:12:"focal_length";s:1:"0";s:3:"iso";s:1:"0";s:13:"shutter_speed";s:1:"0";s:5:"title";s:0:"";s:11:"orientation";s:1:"0";s:8:"keywords";a:0:{}}}]]></wp:meta_value>
		</wp:postmeta>
							<wp:postmeta>
		<wp:meta_key><![CDATA[_wp_attachment_image_alt]]></wp:meta_key>
		<wp:meta_value><![CDATA[Akarmas MX Shop]]></wp:meta_value>
		</wp:postmeta>
							</item>
					<item>
		<title><![CDATA[cropped-PicsArt_09-09-12.12.25.jpg]]></title>
		<link>http://agc.io/cropped-picsart_09-09-12-12-25-jpg</link>
		<pubDate>Sat, 14 Dec 2019 21:56:10 +0000</pubDate>
		<dc:creator><![CDATA[dimaslanjaka]]></dc:creator>
		<guid isPermaLink="false">http://agc.io/wp-content/uploads/2019/12/cropped-PicsArt_09-09-12.12.25.jpg</guid>
		<description></description>
		<content:encoded><![CDATA[http://agc.io/wp-content/uploads/2019/12/cropped-PicsArt_09-09-12.12.25.jpg]]></content:encoded>
		<excerpt:encoded><![CDATA[]]></excerpt:encoded>
		<wp:post_id>75</wp:post_id>
		<wp:post_date><![CDATA[2019-12-14 21:56:10]]></wp:post_date>
		<wp:post_date_gmt><![CDATA[2019-12-14 21:56:10]]></wp:post_date_gmt>
		<wp:post_modified><![CDATA[2019-12-14 21:56:10]]></wp:post_modified>
		<wp:post_modified_gmt><![CDATA[2019-12-14 21:56:10]]></wp:post_modified_gmt>
		<wp:comment_status><![CDATA[open]]></wp:comment_status>
		<wp:ping_status><![CDATA[closed]]></wp:ping_status>
		<wp:post_name><![CDATA[cropped-picsart_09-09-12-12-25-jpg]]></wp:post_name>
		<wp:status><![CDATA[inherit]]></wp:status>
		<wp:post_parent>0</wp:post_parent>
		<wp:menu_order>0</wp:menu_order>
		<wp:post_type><![CDATA[attachment]]></wp:post_type>
		<wp:post_password><![CDATA[]]></wp:post_password>
		<wp:is_sticky>0</wp:is_sticky>
						<wp:attachment_url><![CDATA[http://agc.io/wp-content/uploads/2019/12/cropped-PicsArt_09-09-12.12.25.jpg]]></wp:attachment_url>
											<wp:postmeta>
		<wp:meta_key><![CDATA[_wp_attached_file]]></wp:meta_key>
		<wp:meta_value><![CDATA[2019/12/cropped-PicsArt_09-09-12.12.25.jpg]]></wp:meta_value>
		</wp:postmeta>
							<wp:postmeta>
		<wp:meta_key><![CDATA[_wp_attachment_context]]></wp:meta_key>
		<wp:meta_value><![CDATA[site-icon]]></wp:meta_value>
		</wp:postmeta>
							<wp:postmeta>
		<wp:meta_key><![CDATA[_wp_attachment_metadata]]></wp:meta_key>
		<wp:meta_value><![CDATA[a:5:{s:5:"width";i:512;s:6:"height";i:512;s:4:"file";s:42:"2019/12/cropped-PicsArt_09-09-12.12.25.jpg";s:5:"sizes";a:10:{s:6:"medium";a:4:{s:4:"file";s:42:"cropped-PicsArt_09-09-12.12.25-300x300.jpg";s:5:"width";i:300;s:6:"height";i:300;s:9:"mime-type";s:10:"image/jpeg";}s:5:"large";a:4:{s:4:"file";s:44:"cropped-PicsArt_09-09-12.12.25-1024x1024.jpg";s:5:"width";i:1024;s:6:"height";i:1024;s:9:"mime-type";s:10:"image/jpeg";}s:9:"thumbnail";a:4:{s:4:"file";s:42:"cropped-PicsArt_09-09-12.12.25-150x150.jpg";s:5:"width";i:150;s:6:"height";i:150;s:9:"mime-type";s:10:"image/jpeg";}s:12:"medium_large";a:4:{s:4:"file";s:42:"cropped-PicsArt_09-09-12.12.25-768x768.jpg";s:5:"width";i:768;s:6:"height";i:768;s:9:"mime-type";s:10:"image/jpeg";}s:9:"1536x1536";a:4:{s:4:"file";s:44:"cropped-PicsArt_09-09-12.12.25-1536x1536.jpg";s:5:"width";i:1536;s:6:"height";i:1536;s:9:"mime-type";s:10:"image/jpeg";}s:9:"2048x2048";a:4:{s:4:"file";s:44:"cropped-PicsArt_09-09-12.12.25-2048x2048.jpg";s:5:"width";i:2048;s:6:"height";i:2048;s:9:"mime-type";s:10:"image/jpeg";}s:13:"site_icon-270";a:4:{s:4:"file";s:42:"cropped-PicsArt_09-09-12.12.25-270x270.jpg";s:5:"width";i:270;s:6:"height";i:270;s:9:"mime-type";s:10:"image/jpeg";}s:13:"site_icon-192";a:4:{s:4:"file";s:42:"cropped-PicsArt_09-09-12.12.25-192x192.jpg";s:5:"width";i:192;s:6:"height";i:192;s:9:"mime-type";s:10:"image/jpeg";}s:13:"site_icon-180";a:4:{s:4:"file";s:42:"cropped-PicsArt_09-09-12.12.25-180x180.jpg";s:5:"width";i:180;s:6:"height";i:180;s:9:"mime-type";s:10:"image/jpeg";}s:12:"site_icon-32";a:4:{s:4:"file";s:40:"cropped-PicsArt_09-09-12.12.25-32x32.jpg";s:5:"width";i:32;s:6:"height";i:32;s:9:"mime-type";s:10:"image/jpeg";}}s:10:"image_meta";a:12:{s:8:"aperture";s:1:"0";s:6:"credit";s:0:"";s:6:"camera";s:0:"";s:7:"caption";s:0:"";s:17:"created_timestamp";s:1:"0";s:9:"copyright";s:0:"";s:12:"focal_length";s:1:"0";s:3:"iso";s:1:"0";s:13:"shutter_speed";s:1:"0";s:5:"title";s:0:"";s:11:"orientation";s:1:"0";s:8:"keywords";a:0:{}}}]]></wp:meta_value>
		</wp:postmeta>
							</item>
					<item>
		<title><![CDATA[Untitled Reusable Block]]></title>
		<link>http://agc.io/2019/12/14/untitled-reusable-block.html</link>
		<pubDate>Sat, 14 Dec 2019 22:23:58 +0000</pubDate>
		<dc:creator><![CDATA[dimaslanjaka]]></dc:creator>
		<guid isPermaLink="false">http://agc.io/2019/12/14/untitled-reusable-block.html</guid>
		<description></description>
		<content:encoded><![CDATA[<!-- wp:html -->
<h3>Free SEO Articles</h3>
<p>We provide free articles every day for you.<br><strong>What are the features ?</strong></p>
<!-- /wp:html -->]]></content:encoded>
		<excerpt:encoded><![CDATA[]]></excerpt:encoded>
		<wp:post_id>86</wp:post_id>
		<wp:post_date><![CDATA[2019-12-14 22:23:58]]></wp:post_date>
		<wp:post_date_gmt><![CDATA[2019-12-14 22:23:58]]></wp:post_date_gmt>
		<wp:post_modified><![CDATA[2019-12-14 22:23:58]]></wp:post_modified>
		<wp:post_modified_gmt><![CDATA[2019-12-14 22:23:58]]></wp:post_modified_gmt>
		<wp:comment_status><![CDATA[closed]]></wp:comment_status>
		<wp:ping_status><![CDATA[closed]]></wp:ping_status>
		<wp:post_name><![CDATA[untitled-reusable-block]]></wp:post_name>
		<wp:status><![CDATA[publish]]></wp:status>
		<wp:post_parent>0</wp:post_parent>
		<wp:menu_order>0</wp:menu_order>
		<wp:post_type><![CDATA[wp_block]]></wp:post_type>
		<wp:post_password><![CDATA[]]></wp:post_password>
		<wp:is_sticky>0</wp:is_sticky>
														</item>
					<item>
		<title><![CDATA[Disclaimer]]></title>
		<link>http://agc.io/disclaimer</link>
		<pubDate>Tue, 17 Dec 2019 09:34:02 +0000</pubDate>
		<dc:creator><![CDATA[dimaslanjaka]]></dc:creator>
		<guid isPermaLink="false">http://localhost/?page_id=93</guid>
		<description></description>
		<content:encoded><![CDATA[<!-- wp:heading {"level":1} -->
<h1>Disclaimer</h1>
<!-- /wp:heading -->

<!-- wp:paragraph -->
<p><strong>Liability for content</strong></p>
<!-- /wp:paragraph -->

<!-- wp:paragraph -->
<p>The contents of our pages were created with great care.&nbsp;However, we cannot guarantee that the content is correct, complete and up to date.</p>
<!-- /wp:paragraph -->

<!-- wp:paragraph -->
<p>As a service provider, we are responsible for our own content on these pages in accordance with general laws in accordance with Section 6 Paragraph 1 MDStV and Section 8 Paragraph 1 TDG.&nbsp;However, service providers are not obliged to monitor the third-party information transmitted or stored by them, or to search for circumstances that indicate illegal activity.&nbsp;Obligations to remove or block the use of information according to general laws remain unaffected.&nbsp;However, liability in this regard is only possible from the time we become aware of a specific legal violation.&nbsp;If we become aware of any such violations, we will remove this content immediately.</p>
<!-- /wp:paragraph -->

<!-- wp:paragraph -->
<p><strong>Liability for links</strong></p>
<!-- /wp:paragraph -->

<!-- wp:paragraph -->
<p>Our offer contains links to external websites of third parties, the content of which we have no influence on.&nbsp;For this reason, we cannot accept any liability for this external content.&nbsp;The respective provider or operator of the pages is always responsible for the content of the linked pages.&nbsp;The linked pages were checked for possible legal violations at the time of linking.&nbsp;No illegal content was discernible at the time the link was created.&nbsp;A permanent control of the content of the linked pages is not reasonable without concrete evidence of an infringement.&nbsp;If we become aware of legal violations, we will remove such links immediately.</p>
<!-- /wp:paragraph -->

<!-- wp:paragraph -->
<p><strong>copyright</strong></p>
<!-- /wp:paragraph -->

<!-- wp:paragraph -->
<p>The operators of the pages endeavor to always observe the copyrights of others or to use self-created and license-free works.</p>
<!-- /wp:paragraph -->

<!-- wp:paragraph -->
<p>The content and works on these pages created by the site operator are subject to German copyright law.&nbsp;Third party contributions are marked as such.&nbsp;The duplication, processing, distribution and any kind of use beyond the limits of copyright law require the written consent of the respective author or creator.&nbsp;Downloads and copies of this page are only permitted for private, non-commercial use.</p>
<!-- /wp:paragraph -->

<!-- wp:paragraph -->
<p><strong>privacy</strong></p>
<!-- /wp:paragraph -->

<!-- wp:paragraph -->
<p>Insofar as personal data (e.g. name, address or email address) is collected on our pages, this is always done on a voluntary basis as far as possible.&nbsp;As far as possible, the offers and services can always be used without providing personal data.</p>
<!-- /wp:paragraph -->

<!-- wp:paragraph -->
<p>We hereby expressly object to the use of contact data published within the framework of the legal notice obligation by third parties for sending unsolicited advertising and information material.&nbsp;The site operators expressly reserve the right to take legal action in the event of unsolicited promotional information, such as spam e-mails.</p>
<!-- /wp:paragraph -->

<!-- wp:paragraph -->
<p>Source: Disclaimer from Dimas Lanjaka - portal on internet law</p>
<!-- /wp:paragraph -->]]></content:encoded>
		<excerpt:encoded><![CDATA[]]></excerpt:encoded>
		<wp:post_id>93</wp:post_id>
		<wp:post_date><![CDATA[2019-12-17 09:34:02]]></wp:post_date>
		<wp:post_date_gmt><![CDATA[2019-12-17 09:34:02]]></wp:post_date_gmt>
		<wp:post_modified><![CDATA[2019-12-17 09:34:05]]></wp:post_modified>
		<wp:post_modified_gmt><![CDATA[2019-12-17 09:34:05]]></wp:post_modified_gmt>
		<wp:comment_status><![CDATA[closed]]></wp:comment_status>
		<wp:ping_status><![CDATA[closed]]></wp:ping_status>
		<wp:post_name><![CDATA[disclaimer]]></wp:post_name>
		<wp:status><![CDATA[publish]]></wp:status>
		<wp:post_parent>0</wp:post_parent>
		<wp:menu_order>0</wp:menu_order>
		<wp:post_type><![CDATA[page]]></wp:post_type>
		<wp:post_password><![CDATA[]]></wp:post_password>
		<wp:is_sticky>0</wp:is_sticky>
														<wp:postmeta>
		<wp:meta_key><![CDATA[_edit_last]]></wp:meta_key>
		<wp:meta_value><![CDATA[1]]></wp:meta_value>
		</wp:postmeta>
							<wp:postmeta>
		<wp:meta_key><![CDATA[ktz_meta_noindex]]></wp:meta_key>
		<wp:meta_value><![CDATA[no]]></wp:meta_value>
		</wp:postmeta>
							<wp:postmeta>
		<wp:meta_key><![CDATA[ktz_meta_nofollow]]></wp:meta_key>
		<wp:meta_value><![CDATA[no]]></wp:meta_value>
		</wp:postmeta>
							<wp:postmeta>
		<wp:meta_key><![CDATA[ktz_meta_noodp]]></wp:meta_key>
		<wp:meta_value><![CDATA[no]]></wp:meta_value>
		</wp:postmeta>
							<wp:postmeta>
		<wp:meta_key><![CDATA[ktz_meta_noydir]]></wp:meta_key>
		<wp:meta_value><![CDATA[no]]></wp:meta_value>
		</wp:postmeta>
							<wp:postmeta>
		<wp:meta_key><![CDATA[ktz_menu_squeeze]]></wp:meta_key>
		<wp:meta_value><![CDATA[yes]]></wp:meta_value>
		</wp:postmeta>
							<wp:postmeta>
		<wp:meta_key><![CDATA[ktz_copyright_squeeze]]></wp:meta_key>
		<wp:meta_value><![CDATA[yes]]></wp:meta_value>
		</wp:postmeta>
							<wp:postmeta>
		<wp:meta_key><![CDATA[ktz_exit_splash_squeeze_enable]]></wp:meta_key>
		<wp:meta_value><![CDATA[no]]></wp:meta_value>
		</wp:postmeta>
							<wp:postmeta>
		<wp:meta_key><![CDATA[ktz_url_splash_squeeze]]></wp:meta_key>
		<wp:meta_value><![CDATA[http://kentooz.com]]></wp:meta_value>
		</wp:postmeta>
							<wp:postmeta>
		<wp:meta_key><![CDATA[ktz_text_splash_squeeze]]></wp:meta_key>
		<wp:meta_value><![CDATA[Wait!!! Before you go please read our another offer, you will be love!!!]]></wp:meta_value>
		</wp:postmeta>
							<wp:postmeta>
		<wp:meta_key><![CDATA[ktz_width_squeeze]]></wp:meta_key>
		<wp:meta_value><![CDATA[790px]]></wp:meta_value>
		</wp:postmeta>
							<wp:postmeta>
		<wp:meta_key><![CDATA[ktz_margintop_squeeze]]></wp:meta_key>
		<wp:meta_value><![CDATA[0px]]></wp:meta_value>
		</wp:postmeta>
							</item>
					<item>
		<title><![CDATA[Custom Styles]]></title>
		<link>http://agc.io/2022/03/26/wp-global-styles-flatsimplebingit.html</link>
		<pubDate>Sat, 26 Mar 2022 11:54:22 +0000</pubDate>
		<dc:creator><![CDATA[dimaslanjaka]]></dc:creator>
		<guid isPermaLink="false">http://agc.io:4000/2022/03/26/wp-global-styles-flatsimplebingit.html</guid>
		<description></description>
		<content:encoded><![CDATA[{"version": 2, "isGlobalStylesUserThemeJSON": true }]]></content:encoded>
		<excerpt:encoded><![CDATA[]]></excerpt:encoded>
		<wp:post_id>102</wp:post_id>
		<wp:post_date><![CDATA[2022-03-26 11:54:22]]></wp:post_date>
		<wp:post_date_gmt><![CDATA[2022-03-26 11:54:22]]></wp:post_date_gmt>
		<wp:post_modified><![CDATA[2022-03-26 11:54:22]]></wp:post_modified>
		<wp:post_modified_gmt><![CDATA[2022-03-26 11:54:22]]></wp:post_modified_gmt>
		<wp:comment_status><![CDATA[closed]]></wp:comment_status>
		<wp:ping_status><![CDATA[closed]]></wp:ping_status>
		<wp:post_name><![CDATA[wp-global-styles-flatsimplebingit]]></wp:post_name>
		<wp:status><![CDATA[publish]]></wp:status>
		<wp:post_parent>0</wp:post_parent>
		<wp:menu_order>0</wp:menu_order>
		<wp:post_type><![CDATA[wp_global_styles]]></wp:post_type>
		<wp:post_password><![CDATA[]]></wp:post_password>
		<wp:is_sticky>0</wp:is_sticky>
										<category domain="wp_theme" nicename="flatsimplebingit"><![CDATA[flatsimplebingit]]></category>
						</item>
					<item>
		<title><![CDATA[Sample Published Post]]></title>
		<link>http://agc.io/2022/03/26/post-published.html</link>
		<pubDate>Sat, 26 Mar 2022 13:25:04 +0000</pubDate>
		<dc:creator><![CDATA[dimaslanjaka]]></dc:creator>
		<guid isPermaLink="false">http://localhost:8000/?p=111</guid>
		<description></description>
		<content:encoded><![CDATA[<!-- wp:paragraph -->
<p>Hello world article content</p>
<!-- /wp:paragraph -->]]></content:encoded>
		<excerpt:encoded><![CDATA[]]></excerpt:encoded>
		<wp:post_id>111</wp:post_id>
		<wp:post_date><![CDATA[2022-03-26 13:25:04]]></wp:post_date>
		<wp:post_date_gmt><![CDATA[2022-03-26 13:25:04]]></wp:post_date_gmt>
		<wp:post_modified><![CDATA[2022-05-07 16:03:48]]></wp:post_modified>
		<wp:post_modified_gmt><![CDATA[2022-05-07 16:03:48]]></wp:post_modified_gmt>
		<wp:comment_status><![CDATA[open]]></wp:comment_status>
		<wp:ping_status><![CDATA[open]]></wp:ping_status>
		<wp:post_name><![CDATA[post-published]]></wp:post_name>
		<wp:status><![CDATA[publish]]></wp:status>
		<wp:post_parent>0</wp:post_parent>
		<wp:menu_order>0</wp:menu_order>
		<wp:post_type><![CDATA[post]]></wp:post_type>
		<wp:post_password><![CDATA[]]></wp:post_password>
		<wp:is_sticky>0</wp:is_sticky>
										<category domain="category" nicename="uncategorized"><![CDATA[Uncategorized]]></category>
						<wp:postmeta>
		<wp:meta_key><![CDATA[_edit_last]]></wp:meta_key>
		<wp:meta_value><![CDATA[1]]></wp:meta_value>
		</wp:postmeta>
							<wp:postmeta>
		<wp:meta_key><![CDATA[ktz_meta_noindex]]></wp:meta_key>
		<wp:meta_value><![CDATA[no]]></wp:meta_value>
		</wp:postmeta>
							<wp:postmeta>
		<wp:meta_key><![CDATA[ktz_meta_nofollow]]></wp:meta_key>
		<wp:meta_value><![CDATA[no]]></wp:meta_value>
		</wp:postmeta>
							<wp:postmeta>
		<wp:meta_key><![CDATA[ktz_meta_noodp]]></wp:meta_key>
		<wp:meta_value><![CDATA[no]]></wp:meta_value>
		</wp:postmeta>
							<wp:postmeta>
		<wp:meta_key><![CDATA[ktz_meta_noydir]]></wp:meta_key>
		<wp:meta_value><![CDATA[no]]></wp:meta_value>
		</wp:postmeta>
							<wp:postmeta>
		<wp:meta_key><![CDATA[ktz_activated_locker]]></wp:meta_key>
		<wp:meta_value><![CDATA[no]]></wp:meta_value>
		</wp:postmeta>
							<wp:postmeta>
		<wp:meta_key><![CDATA[_wp_old_slug]]></wp:meta_key>
		<wp:meta_value><![CDATA[hello-world]]></wp:meta_value>
		</wp:postmeta>
							</item>
					<item>
		<title><![CDATA[Custom Styles]]></title>
		<link>http://agc.io/2022/05/07/wp-global-styles-materialwp-materialwp.html</link>
		<pubDate>Sat, 07 May 2022 16:03:04 +0000</pubDate>
		<dc:creator><![CDATA[dimaslanjaka]]></dc:creator>
		<guid isPermaLink="false">http://agc.io/2022/05/07/wp-global-styles-materialwp-materialwp.html</guid>
		<description></description>
		<content:encoded><![CDATA[{"version": 2, "isGlobalStylesUserThemeJSON": true }]]></content:encoded>
		<excerpt:encoded><![CDATA[]]></excerpt:encoded>
		<wp:post_id>115</wp:post_id>
		<wp:post_date><![CDATA[2022-05-07 16:03:04]]></wp:post_date>
		<wp:post_date_gmt><![CDATA[2022-05-07 16:03:04]]></wp:post_date_gmt>
		<wp:post_modified><![CDATA[2022-05-07 16:03:04]]></wp:post_modified>
		<wp:post_modified_gmt><![CDATA[2022-05-07 16:03:04]]></wp:post_modified_gmt>
		<wp:comment_status><![CDATA[closed]]></wp:comment_status>
		<wp:ping_status><![CDATA[closed]]></wp:ping_status>
		<wp:post_name><![CDATA[wp-global-styles-materialwp-materialwp]]></wp:post_name>
		<wp:status><![CDATA[publish]]></wp:status>
		<wp:post_parent>0</wp:post_parent>
		<wp:menu_order>0</wp:menu_order>
		<wp:post_type><![CDATA[wp_global_styles]]></wp:post_type>
		<wp:post_password><![CDATA[]]></wp:post_password>
		<wp:is_sticky>0</wp:is_sticky>
										<category domain="wp_theme" nicename="materialwp-materialwp"><![CDATA[materialwp-materialwp]]></category>
						</item>
					<item>
		<title><![CDATA[Sample Draft Post]]></title>
		<link>http://agc.io/?p=117</link>
		<pubDate>Sat, 07 May 2022 16:04:19 +0000</pubDate>
		<dc:creator><![CDATA[dimaslanjaka]]></dc:creator>
		<guid isPermaLink="false">http://agc.io/?p=117</guid>
		<description></description>
		<content:encoded><![CDATA[]]></content:encoded>
		<excerpt:encoded><![CDATA[]]></excerpt:encoded>
		<wp:post_id>117</wp:post_id>
		<wp:post_date><![CDATA[2022-05-07 16:04:19]]></wp:post_date>
		<wp:post_date_gmt><![CDATA[2022-05-07 16:04:19]]></wp:post_date_gmt>
		<wp:post_modified><![CDATA[2022-05-07 16:04:43]]></wp:post_modified>
		<wp:post_modified_gmt><![CDATA[2022-05-07 16:04:43]]></wp:post_modified_gmt>
		<wp:comment_status><![CDATA[open]]></wp:comment_status>
		<wp:ping_status><![CDATA[open]]></wp:ping_status>
		<wp:post_name><![CDATA[post-draft]]></wp:post_name>
		<wp:status><![CDATA[draft]]></wp:status>
		<wp:post_parent>0</wp:post_parent>
		<wp:menu_order>0</wp:menu_order>
		<wp:post_type><![CDATA[post]]></wp:post_type>
		<wp:post_password><![CDATA[]]></wp:post_password>
		<wp:is_sticky>0</wp:is_sticky>
										<category domain="category" nicename="uncategorized"><![CDATA[Uncategorized]]></category>
						<wp:postmeta>
		<wp:meta_key><![CDATA[_edit_last]]></wp:meta_key>
		<wp:meta_value><![CDATA[1]]></wp:meta_value>
		</wp:postmeta>
							</item>
				</channel>
</rss>
